arrange,
goddess,
unlock,
bunker,
off,
bar,
mask,
produce,
call,
educate,
ancient,
add,
wealth,
local,
present,
tower,
bubble,
creek,
assume,
truth,
exclude,
will,
wink,
depth,
cushion,
pull,
eternal,
avoid,
total,
attend,
garment,
scissors,
code,
agent,
taxi,
wonder,
cabin,
during,
coast,
proof,
today,
joke,
oxygen,
lobster,
flock,
quote,
forum,
scare,
tiger,
style,
patch,
exit,
suit,
damage,
gift,
half,
vacant,
alcohol,
width,
metal,
zone,
find,
prefer,
machine,
movie,
element,
swear,
whale,
chase,
start,
canyon,
spatial,
acid,
express,
lady,
six,
cluster,
horse,
horror,
that,
honey,
seek,
carpet,
grain,
mistake,
mom,
crack,
magic,
captain,
base,
exercise,
expect,
guilt,
meadow,
jump,
pluck,
police,
drink,
maximum,
tide,
fiction,
pioneer,
interest,
oyster,
sunset,
moment,
museum,
sponsor,
choose,
sword,
series,
manage,
drama,
flee,
fat,
course,
idea,
ceiling,
zero,
oven,
yard,
grape,
dance,
tornado,
recycle,
deputy,
average,
welcome,
blind,
similar,
fossil,
rose,
rhythm,
birth,
tobacco,
fatigue,
speed,
polar,
myself,
spread,
area,
possible,
wait,
sense,
pigeon,
rail,
client,
decrease,
unusual,
chat,
pear,
climb,
fluid,
this,
awake,
document,
artist,
carbon,
like,
cloud,
speak,
rule,
chunk,
ready,
cotton,
model,
poem,
october,
pattern,
bounce,
toe,
excess,
skirt,
enact,
team,
method,
charge,
hospital,
snap,
barrel,
awkward,
giraffe,
slow,
link,
penalty,
knock,
side,
attract,
write,
crater,
potato,
fashion,
gloom,
rocket,
fade,
alter,
expose,
gaze,
legal,
cricket,
amazing,
strategy,
auction,
setup,
shock,
mechanic,
gallery,
shaft,
super,
minor,
screen,
spike,
shine,
purchase,
wood,
already,
subway,
carry,
fold,
edit,
first,
try,
soup,
pause,
pizza,
fresh,
plug,
pulp,
book,
story,
flower,
luggage,
rally,
guitar,
spy,
afford,
report,
service,
tomato,
fuel,
panel,
episode,
antenna,
effort,
divide,
chef,
imitate,
brush,
seed,
rough,
oil,
tooth,
admit,
argue,
rug,
bachelor,
remove,
settle,
car,
slight,
tribe,
lemon,
duck,
silver,
copper,
win,
piano,
valley,
young,
uniform,
able,
target,
satoshi,
inmate,
search,
thank,
riot,
arena,
summer,
edge,
insane,
fantasy,
time,
clean,
else,
rent,
cave,
nerve,
kid,
pupil,
leaf,
neutral,
minimum,
sweet,
asset,
point,
glow,
amount,
party,
swift,
steak,
cross,
tumble,
material,
cactus,
plunge,
labor,
among,
right,
spare,
casual,
industry,
lottery,
mother,
debris,
again,
bone,
voice,
family,
put,
mad,
work,
flat,
extend,
velvet,
depart,
one,
diamond,
hello,
sketch,
beef,
poet,
worry,
card,
aerobic,
awesome,
broccoli,
next,
mirror,
across,
claim,
hand,
logic,
notice,
situate,
eight,
deal,
account,
stereo,
combine,
crowd,
critic,
phone,
victory,
health,
erode,
ritual,
robust,
donor,
tourist,
trash,
hold,
jungle,
coyote,
absorb,
heart,
diagram,
squeeze,
east,
marine,
need,
surface,
wage,
gather,
ask,
moon,
cycle,
kangaroo,
capable,
elbow,
option,
pencil,
fork,
swarm,
beyond,
rain,
hockey,
giant,
sausage,
circle,
sock,
own,
believe,
fox,
bomb,
enable,
ostrich,
alarm,
used,
protect,
caught,
sail,
group,
common,
better,
culture,
pink,
power,
cruise,
direct,
sadness,
fix,
orbit,
mixture,
jar,
initial,
betray,
maze,
trophy,
bridge,
enrich,
nation,
sand,
ticket,
analyst,
zoo,
bonus,
jeans,
glad,
draw,
craft,
judge,
text,
practice,
gauge,
sorry,
exhaust,
mosquito,
woman,
fence,
crop,
undo,
novel,
wish,
chuckle,
journey,
subject,
bitter,
deny,
muffin,
obvious,
fitness,
injury,
bottom,
require,
dream,
sun,
soap,
brand,
purpose,
useful,
jacket,
sure,
genre,
animal,
inhale,
matrix,
odor,
hungry,
follow,
anchor,
utility,
earn,
inch,
apple,
outside,
domain,
cause,
stable,
warm,
perfect,
mango,
forget,
solution,
kiwi,
salmon,
stove,
weasel,
venue,
wet,
grid,
thumb,
unique,
renew,
barely,
state,
father,
memory,
major,
test,
broom,
twin,
hotel,
melt,
alien,
glue,
bag,
before,
outer,
tennis,
ill,
click,
ivory,
human,
vacuum,
crucial,
clever,
fancy,
lake,
sauce,
coconut,
ranch,
chief,
pistol,
resemble,
fall,
boost,
corn,
enhance,
green,
lens,
rifle,
bid,
under,
category,
matter,
salad,
wrist,
reunion,
pact,
rubber,
build,
other,
toddler,
order,
regular,
best,
promote,
hour,
fine,
disease,
loan,
swap,
same,
auto,
dash,
around,
moral,
defy,
guard,
install,
empty,
spirit,
finger,
stand,
village,
motor,
release,
remember,
asthma,
move,
language,
cupboard,
cram,
festival,
spell,
aware,
project,
truck,
visual,
catch,
chest,
frost,
sea,
poverty,
menu,
cube,
shell,
evolve,
mammal,
noise,
please,
exchange,
tank,
observe,
play,
cream,
coffee,
endless,
depend,
primary,
unknown,
violin,
pepper,
bundle,
marble,
timber,
mention,
high,
result,
wheat,
paddle,
equip,
school,
wisdom,
donate,
liquid,
dress,
wing,
hundred,
bring,
horn,
blast,
diary,
parent,
embrace,
crouch,
near,
erase,
hip,
pudding,
fit,
universe,
crisp,
route,
ship,
athlete,
luxury,
clown,
piece,
venture,
monkey,
science,
decade,
actress,
mind,
siege,
lion,
vapor,
wine,
badge,
drill,
general,
toy,
rebuild,
nominee,
size,
render,
garbage,
silly,
fringe,
spray,
example,
peanut,
design,
rabbit,
answer,
erosion,
gesture,
vendor,
cry,
camp,
reopen,
abuse,
remind,
sport,
smoke,
march,
lava,
often,
enter,
shy,
spice,
person,
kitchen,
connect,
lesson,
evil,
either,
section,
sunny,
panther,
eyebrow,
round,
clarify,
scale,
agree,
foster,
market,
busy,
dumb,
gun,
fire,
resource,
garlic,
audit,
laugh,
broken,
scan,
ahead,
trust,
cabbage,
entry,
parrot,
champion,
more,
distance,
basket,
large,
pen,
slam,
receive,
fortune,
estate,
soul,
double,
hurry,
merge,
danger,
blanket,
old,
flash,
path,
assist,
any,
kite,
range,
source,
bulk,
smart,
clog,
slab,
lend,
divorce,
reject,
fan,
enough,
glance,
salt,
cliff,
firm,
genius,
dentist,
soda,
core,
frame,
useless,
toss,
when,
endorse,
idle,
display,
forward,
budget,
trend,
appear,
august,
lab,
morning,
century,
solar,
always,
mesh,
smile,
vivid,
unhappy,
nut,
supply,
sister,
armor,
royal,
thunder,
vehicle,
hover,
actual,
bus,
vessel,
vocal,
hybrid,
love,
public,
scout,
sing,
viable,
feature,
elephant,
case,
anxiety,
away,
rack,
dismiss,
flag,
position,
address,
into,
news,
tail,
wool,
goat,
fog,
joy,
void,
season,
visa,
lamp,
crew,
wife,
mushroom,
wide,
cool,
umbrella,
original,
share,
tragic,
lounge,
fish,
cheese,
treat,
pole,
deer,
raven,
hazard,
steel,
upper,
mean,
portion,
waste,
rural,
capital,
focus,
invest,
hunt,
harvest,
final,
slice,
second,
kiss,
risk,
slogan,
just,
hint,
great,
powder,
radio,
middle,
tongue,
soft,
shallow,
sphere,
nothing,
grass,
neither,
tuna,
north,
execute,
stool,
tissue,
space,
online,
pledge,
isolate,
latin,
private,
short,
choice,
script,
video,
rebel,
pet,
nest,
there,
inquiry,
coral,
quiz,
swim,
travel,
later,
mobile,
food,
upset,
meat,
identify,
torch,
gym,
govern,
excite,
razor,
approve,
stumble,
hood,
task,
only,
west,
winner,
nose,
basic,
opinion,
hobby,
true,
valid,
panda,
rotate,
stock,
token,
puppy,
volcano,
oppose,
top,
weekend,
urge,
jaguar,
spend,
rather,
wise,
almost,
length,
foil,
erupt,
daughter,
walk,
napkin,
couch,
property,
blue,
juice,
wall,
place,
pride,
shrug,
equal,
throw,
scrub,
profit,
issue,
multiply,
dynamic,
talent,
push,
quick,
since,
trial,
alone,
jelly,
organ,
lonely,
ghost,
relief,
fly,
enroll,
hard,
tunnel,
two,
spawn,
little,
brother,
ability,
thrive,
train,
stairs,
inside,
home,
slush,
opera,
inherit,
shadow,
tell,
happy,
syrup,
scatter,
impose,
hero,
ripple,
resist,
confirm,
turtle,
coin,
allow,
hammer,
outdoor,
emotion,
cinnamon,
parade,
rival,
cruel,
laptop,
collect,
tuition,
slim,
nature,
grace,
session,
unveil,
merry,
bean,
bind,
trap,
elite,
recipe,
left,
brick,
twist,
miracle,
loud,
wrap,
three,
habit,
enforce,
relax,
glide,
title,
baby,
blade,
belt,
early,
smooth,
unfair,
normal,
custom,
sugar,
give,
usage,
life,
rich,
detect,
advice,
column,
refuse,
all,
nice,
submit,
buzz,
dutch,
item,
below,
chalk,
income,
stick,
glove,
eager,
dish,
surge,
flip,
run,
pony,
acoustic,
pyramid,
shuffle,
dove,
drop,
level,
mixed,
casino,
sheriff,
motion,
maple,
scheme,
indoor,
alpha,
vote,
walnut,
define,
grow,
future,
palace,
exact,
congress,
chronic,
business,
seven,
few,
orient,
drift,
pulse,
reason,
breeze,
brief,
huge,
afraid,
guess,
year,
prize,
desert,
letter,
swamp,
crane,
cargo,
exist,
rib,
discover,
doll,
region,
cancel,
feed,
keep,
truly,
eye,
gown,
talk,
vanish,
airport,
glare,
magnet,
record,
system,
insect,
ethics,
stomach,
orange,
topic,
check,
response,
stay,
main,
famous,
grocery,
banner,
tomorrow,
face,
frozen,
employ,
raw,
split,
want,
physical,
impulse,
air,
jealous,
wrestle,
faculty,
snake,
glory,
trip,
segment,
license,
ice,
shove,
faith,
husband,
you,
brown,
laundry,
lunch,
rigid,
amateur,
tag,
robot,
say,
elegant,
spoil,
girl,
defense,
square,
egg,
skull,
burst,
fabric,
cover,
tip,
inner,
label,
clip,
height,
trick,
scene,
grant,
rescue,
transfer,
clap,
hedgehog,
typical,
enlist,
tattoo,
south,
gossip,
february,
country,
return,
entire,
seminar,
churn,
knee,
bamboo,
elder,
symptom,
strong,
visit,
never,
game,
grab,
flush,
elevator,
annual,
over,
limit,
ball,
drive,
siren,
fury,
recall,
energy,
globe,
van,
long,
leisure,
cute,
despair,
table,
device,
differ,
anger,
have,
shop,
curtain,
castle,
swing,
loyal,
noodle,
devote,
leg,
correct,
diesel,
struggle,
friend,
lyrics,
ride,
fiber,
liar,
mix,
dinner,
burden,
dust,
buffalo,
era,
ecology,
lift,
holiday,
army,
adult,
illness,
blossom,
chair,
awful,
vicious,
gate,
salute,
cement,
gain,
cage,
roast,
blood,
jewel,
number,
explain,
leader,
forest,
draft,
angle,
bright,
embark,
offer,
fault,
teach,
aunt,
river,
arrow,
pool,
essence,
tool,
twenty,
alley,
mercy,
make,
ginger,
minute,
rookie,
vault,
million,
file,
object,
shiver,
harsh,
quarter,
step,
omit,
gold,
cart,
vibrant,
sample,
gentle,
board,
wolf,
december,
cigar,
shoot,
squirrel,
skate,
crash,
crawl,
kit,
stone,
warfare,
duty,
turkey,
extra,
man,
race,
trim,
iron,
ugly,
banana,
crunch,
urban,
between,
shield,
battle,
switch,
begin,
lizard,
immense,
silent,
lock,
match,
club,
dizzy,
candy,
mule,
day,
found,
cup,
mass,
topple,
easily,
beauty,
nuclear,
history,
snow,
gap,
tape,
must,
about,
enemy,
trouble,
frog,
then,
update,
chapter,
bracket,
borrow,
brisk,
supreme,
jazz,
retreat,
raise,
staff,
grief,
abandon,
brave,
divert,
ramp,
grunt,
hamster,
become,
ensure,
kick,
because,
mouse,
sick,
water,
evidence,
panic,
view,
street,
name,
select,
skin,
shed,
usual,
april,
cousin,
music,
foam,
suggest,
bike,
wave,
cradle,
feel,
coach,
drip,
layer,
balcony,
crazy,
park,
butter,
world,
word,
patient,
immune,
picnic,
clock,
slide,
harbor,
fun,
cherry,
dilemma,
gospel,
crumble,
whisper,
upon,
bird,
tiny,
song,
angry,
volume,
live,
curve,
involve,
desk,
biology,
digital,
act,
master,
law,
avocado,
quality,
patrol,
film,
giggle,
dune,
action,
inspire,
dad,
winter,
ten,
mail,
wash,
electric,
yellow,
canoe,
field,
apology,
solve,
cost,
toilet,
still,
obscure,
achieve,
orchard,
chimney,
clerk,
include,
city,
twice,
tenant,
echo,
foot,
trigger,
cable,
lecture,
increase,
window,
net,
pave,
cannon,
sleep,
trade,
buddy,
demand,
fee,
hurt,
mandate,
snack,
bread,
suspect,
economy,
tired,
come,
ribbon,
pretty,
vital,
develop,
crystal,
finish,
monitor,
drum,
lawsuit,
soon,
roof,
mystery,
benefit,
quit,
night,
misery,
bullet,
apart,
debate,
certain,
pill,
current,
bench,
color,
repeat,
manual,
surprise,
scorpion,
hole,
innocent,
sort,
shift,
bless,
much,
witness,
vague,
traffic,
sniff,
clump,
earth,
negative,
force,
verb,
control,
change,
black,
icon,
alert,
kidney,
phrase,
peace,
engine,
sight,
youth,
blur,
dose,
know,
aspect,
suffer,
conduct,
sign,
comic,
caution,
sudden,
tube,
behave,
boring,
noble,
survey,
copy,
coil,
chaos,
worth,
pelican,
census,
body,
age,
oblige,
junk,
escape,
end,
obtain,
faint,
ordinary,
clutch,
kind,
sustain,
uphold,
buyer,
fame,
derive,
empower,
wagon,
atom,
proud,
once,
problem,
safe,
excuse,
improve,
neglect,
okay,
swallow,
gadget,
canal,
output,
onion,
now,
remain,
stuff,
illegal,
note,
media,
pottery,
toward,
bacon,
eagle,
open,
attack,
spider,
month,
dragon,
voyage,
celery,
index,
leopard,
wasp,
exile,
obey,
citizen,
thing,
convince,
lawn,
shrimp,
knife,
child,
nephew,
list,
wear,
skill,
together,
mutual,
arrive,
join,
fetch,
rude,
myth,
daring,
another,
easy,
crush,
cat,
expire,
unaware,
ski,
merit,
hub,
predict,
canvas,
envelope,
version,
raccoon,
boss,
dog,
prosper,
quantum,
above,
lunar,
degree,
real,
stem,
modify,
nasty,
plate,
network,
wire,
surround,
civil,
false,
turn,
marriage,
armed,
sell,
wild,
shoe,
someone,
clinic,
priority,
furnace,
gorilla,
guide,
blame,
invite,
unable,
blouse,
whip,
floor,
upgrade,
sad,
limb,
antique,
orphan,
pond,
artwork,
stadium,
pitch,
axis,
island,
glass,
arrest,
farm,
tent,
doctor,
web,
head,
tortoise,
member,
boil,
denial,
brain,
sting,
until,
senior,
valve,
weapon,
plastic,
question,
pumpkin,
oval,
wedding,
humble,
print,
gasp,
evoke,
amused,
spot,
fatal,
people,
prepare,
calm,
expand,
grit,
key,
miss,
garage,
decline,
frown,
detail,
very,
unit,
radar,
replace,
genuine,
spoon,
dinosaur,
sound,
adjust,
payment,
destroy,
special,
cheap,
where,
security,
mimic,
prevent,
hurdle,
garden,
runway,
midnight,
figure,
cattle,
rice,
arctic,
job,
rare,
shoulder,
border,
accident,
exotic,
leave,
funny,
process,
paper,
rely,
brass,
mansion,
naive,
romance,
oak,
hidden,
zebra,
fever,
behind,
rate,
crime,
adapt,
monster,
author,
favorite,
blush,
emerge,
success,
salon,
provide,
toast,
describe,
tonight,
load,
random,
room,
claw,
twelve,
lazy,
disorder,
retire,
strike,
veteran,
engage,
olympic,
ankle,
hawk,
host,
virtual,
aisle,
cake,
close,
dawn,
input,
they,
helmet,
can,
hair,
track,
trumpet,
office,
narrow,
fiscal,
planet,
punch,
galaxy,
bleak,
tray,
photo,
medal,
reduce,
glimpse,
camera,
secret,
way,
fragile,
bicycle,
demise,
cash,
learn,
tone,
mountain,
concert,
hen,
ketchup,
flavor,
picture,
scrap,
help,
gravity,
humor,
weird,
damp,
lucky,
library,
deposit,
arm,
gas,
door,
bargain,
pass,
boat,
tree,
hat,
flight,
arch,
ring,
tackle,
maid,
satisfy,
goose,
decide,
weather,
inject,
also,
warrior,
stage,
silk,
advance,
loop,
pair,
art,
measure,
error,
type,
disagree,
nurse,
impact,
float,
repair,
owner,
sibling,
hollow,
reward,
student,
tilt,
permit,
pipe,
actor,
milk,
melody,
uncle,
theme,
dial,
soccer,
muscle,
soldier,
diet,
couple,
thought,
image,
decorate,
good,
kitten,
reflect,
balance,
lumber,
filter,
simple,
occur,
purse,
wreck,
ignore,
slender,
announce,
aim,
album,
junior,
inflict,
assault,
comfort,
dignity,
inform,
flame,
taste,
various,
fruit,
deliver,
save,
addict,
popular,
cloth,
use,
palm,
exhibit,
verify,
vintage,
dice,
consider,
dry,
social,
post,
hill,
bulb,
olive,
symbol,
spring,
message,
wrong,
attitude,
unfold,
dolphin,
sentence,
affair,
infant,
ocean,
town,
heavy,
chicken,
peasant,
dirt,
company,
pilot,
slot,
math,
virus,
ozone,
catalog,
price,
what,
stamp,
puzzle,
prison,
front,
enjoy,
term,
absent,
purity,
clay,
road,
program,
acquire,
kingdom,
solid,
small,
review,
frequent,
delay,
light,
intact,
essay,
ridge,
reform,
hope,
reveal,
saddle,
bronze,
accuse,
wheel,
keen,
seat,
uncover,
liberty,
praise,
spin,
hire,
absurd,
drastic,
abstract,
pig,
credit,
legend,
notable,
cook,
indicate,
rapid,
dwarf,
boy,
page,
burger,
neck,
access,
beach,
federal,
margin,
ladder,
box,
artefact,
star
whispering
wind
gazer
phoenix
golden
autumn
bliss
enchanted
starry
rider
roar
myst
sapphire
celestial
emerald
sky
voyager
moonlit
shimmering
twilight
shade
aqua
willow
storm
dancer
serene
reef
sunburst
leaves
chaser
mystic
aurora
cosmic
knight
ray
flare
theory
regret
such
embody
curious
vast
cereal
female
donkey
