thunder,strike
star,gazer
moon,dancer
forest,whisper
crystal,lake
phoenix,flame
cosmic,voyager
aurora,glow
desert,rose
ice,dragon
sapphire,moon
enchanted,forest
midnight,rider
autumn,leaves
frost,giant
electric,pulse
coral,reef
velvet,thunder
twilight,shadow
star,dust
aqua,marine
mystic,shadow
solar,flare
serene,dream
lunar,echo
frost,fire
whispering,wind
sun,ray
celestial,wave
golden,eagle
mystic,journey
storm,chaser
winter,bliss
velvet,moon
mystic,knight
shimmering,star
ocean,myst
silver,phoenix
emerald,sky
thunder,roar
crystal,wave
night,shade
whispering,willow
frost,phoenix
midnight,echo
desert,eagle
aurora,sky
velvet,sunset
crystal,shadow
moonlit,knight
autumn,whisper
enchanted,moon
solar,phoenix
starry,night
ice,phoenix
celestial,flame
silent,echo
mystic,moon
twilight,echo
sunburst,
crystal,star
ocean,voyager
sapphire,sun
enchanted,echo
frost,knight
silver,storm
whispering,echo
golden,phoenix
night,voyager
velvet,flame
serene,whisper
cosmic,echo
aurora,voyager
desert,storm
winter,echo
crystal,flame
lunar,voyager
star,whisper
velvet,knight
ocean,echo
twilight,phoenix
mystic,echo
solar,knight
silver,whisper
frost,voyager
shimmering,echo
midnight,whisper
whispering,knight
crystal,phoenix
enchanted,voyager
autumn,phoenix
thunder,voyager
